angle,pitch,dist
0,60,1171
0,59,9740
0,58,9762
0,57,9741
0,56,9459
0,55,10655
0,54,10678
0,53,10675
0,52,10674
0,51,10702
0,50,10709
0,49,10696
0,48,10724
0,47,10708
0,46,3525
0,45,1316
0,44,1280
0,43,1237
0,42,1236
0,41,1211
0,40,1205
0,39,1187
0,38,1176
0,37,1166
0,36,1160
0,35,1149
0,34,1141
0,33,1152
0,32,1138
0,31,1138
0,30,1136
0,29,1136
0,28,1131
0,27,1110
0,26,1111
0,25,1111
0,24,1111
0,23,1110
0,22,1124
0,21,1114
0,20,1114
0,19,1114
0,18,1120
0,17,1117
0,16,1132
0,15,1120
0,14,1123
0,13,1123
0,12,1126
0,11,1132
0,10,1150
0,9,1160
0,8,1186
0,7,1202
0,6,1180
0,5,1171
0,4,1173
0,3,1177
0,2,1178
0,1,1181
1,0,1183
1,1,1184
1,2,1184
1,3,1181
1,4,1178
1,5,1173
1,6,1174
1,7,1172
1,8,1172
1,9,1194
1,10,1202
1,11,1157
1,12,1142
1,13,1138
1,14,1126
1,15,1123
1,16,1123
1,17,1120
1,18,1132
1,19,1121
1,20,1122
1,21,1114
1,22,1114
1,23,1111
1,24,1111
1,25,1111
1,26,1111
1,27,1115
1,28,1115
1,29,1110
1,30,1111
1,31,1115
1,32,1135
1,33,1135
1,34,1138
1,35,1138
1,36,1155
1,37,1145
1,38,1150
1,39,1152
1,40,1174
1,41,1176
1,42,1183
1,43,1200
1,44,1225
1,45,1232
1,46,1255
1,47,1279
1,48,4436
1,49,10750
1,50,10709
1,51,10728
1,52,10726
1,53,10688
1,54,10662
1,55,10674
1,56,10727
1,57,10372
1,58,10369
1,59,9786
2,60,10453
2,59,9127
2,58,8811
2,57,9467
2,56,9147
2,55,10663
2,54,10630
2,53,10367
2,52,10657
2,51,10683
2,50,10658
2,49,10706
2,48,10697
2,47,10689
2,46,10705
2,45,2067
2,44,1283
2,43,1242
2,42,1222
2,41,1211
2,40,1179
2,39,1180
2,38,1170
2,37,1148
2,36,1150
2,35,1146
2,34,1143
2,33,1138
2,32,1138
2,31,1136
2,30,1131
2,29,1111
2,28,1115
2,27,1130
2,26,1133
2,25,1135
2,24,1118
2,23,1110
2,22,1111
2,21,1111
2,20,1110
2,19,1113
2,18,1113
2,17,1132
2,16,1117
2,15,1119
2,14,1120
2,13,1123
2,12,1123
2,11,1126
2,10,1144
2,9,1155
2,8,1188
2,7,1196
2,6,1192
2,5,1168
2,4,1171
2,3,1174
2,2,1169
2,1,1178
3,0,1180
3,1,1181
3,2,1181
3,3,1170
3,4,1177
3,5,1174
3,6,1172
3,7,1169
3,8,1176
3,9,1189
3,10,1184
3,11,1155
3,12,1147
3,13,1126
3,14,1123
3,15,1122
3,16,1121
3,17,1120
3,18,1117
3,19,1119
3,20,1113
3,21,1111
3,22,1110
3,23,1111
3,24,1111
3,25,1114
3,26,1117
3,27,1108
3,28,1112
3,29,1116
3,30,1124
3,31,1133
3,32,1118
3,33,1127
3,34,1135
3,35,1138
3,36,1138
3,37,1142
3,38,1149
3,39,1149
3,40,1157
3,41,1171
3,42,1181
3,43,1179
3,44,1203
3,45,1209
3,46,1241
3,47,1256
3,48,1313
3,49,10680
3,50,10641
3,51,10712
3,52,10691
3,53,10668
3,54,10679
3,55,10655
3,56,10657
3,57,10712
3,58,10333
3,59,8838
4,60,9741
4,59,8838
4,58,8800
4,57,9179
4,56,9712
4,55,9462
4,54,10713
4,53,10654
4,52,10697
4,51,10676
4,50,10670
4,49,10689
4,48,10665
4,47,2889
4,46,1307
4,45,1267
4,44,1230
4,43,1210
4,42,1207
4,41,1183
4,40,1181
4,39,1171
4,38,1152
4,37,1150
4,36,1150
4,35,1142
4,34,1138
4,33,1136
4,32,1127
4,31,1114
4,30,1129
4,29,1116
4,28,1107
4,27,1107
4,26,1107
4,25,1107
4,24,1107
4,23,1108
4,22,1107
4,21,1111
4,20,1110
4,19,1110
4,18,1113
4,17,1114
4,16,1116
4,15,1117
4,14,1120
4,13,1120
4,12,1123
4,11,1125
4,10,1130
4,9,1137
4,8,1168
4,7,1185
4,6,1177
4,5,1172
4,4,1170
4,3,1173
4,2,1167
4,1,1154
5,0,1169
5,1,1181
5,2,1179
5,3,1167
5,4,1154
5,5,1168
5,6,1158
5,7,1168
5,8,1169
5,9,1170
5,10,1176
5,11,1133
5,12,1134
5,13,1125
5,14,1123
5,15,1120
5,16,1120
5,17,1117
5,18,1117
5,19,1114
5,20,1112
5,21,1111
5,22,1110
5,23,1108
5,24,1108
5,25,1107
5,26,1107
5,27,1108
5,28,1107
5,29,1107
5,30,1107
5,31,1108
5,32,1123
5,33,1133
5,34,1115
5,35,1135
5,36,1137
5,37,1138
5,38,1138
5,39,1142
5,40,1158
5,41,1148
5,42,1171
5,43,1190
5,44,1197
5,45,1212
5,46,1220
5,47,1238
5,48,1255
5,49,1325
5,50,7561
5,51,10670
5,52,10663
5,53,10747
5,54,10747
5,55,10660
5,56,10441
5,57,9179
5,58,10135
5,59,9126
6,60,9471
6,59,8813
6,58,8812
6,57,9132
6,56,9455
6,55,10326
6,54,10395
6,53,10642
6,52,10682
6,51,10660
6,50,10728
6,49,10686
6,48,7566
6,47,2880
6,46,1273
6,45,1246
6,44,1226
6,43,1209
6,42,1199
6,41,1183
6,40,1172
6,39,1170
6,38,1148
6,37,1146
6,36,1141
6,35,1138
6,34,1138
6,33,1135
6,32,1119
6,31,1135
6,30,1133
6,29,1107
6,28,1107
6,27,1107
6,26,1107
6,25,1107
6,24,1108
6,23,1107
6,22,1107
6,21,1107
6,20,1110
6,19,1111
6,18,1112
6,17,1114
6,16,1116
6,15,1117
6,14,1119
6,13,1120
6,12,1122
6,11,1124
6,10,1134
6,9,1132
6,8,1165
6,7,1185
6,6,1173
6,5,1167
6,4,1165
6,3,1163
6,2,1154
6,1,1153
7,0,1153
7,1,1181
7,2,1178
7,3,1155
7,4,1150
7,5,1159
7,6,1170
7,7,1165
7,8,1169
7,9,1174
7,10,1178
7,11,1133
7,12,1126
7,13,1124
7,14,1123
7,15,1120
7,16,1119
7,17,1117
7,18,1116
7,19,1113
7,20,1112
7,21,1110
7,22,1110
7,23,1107
7,24,1107
7,25,1107
7,26,1107
7,27,1107
7,28,1107
7,29,1107
7,30,1108
7,31,1108
7,32,1112
7,33,1133
7,34,1119
7,35,1132
7,36,1136
7,37,1139
7,38,1139
7,39,1142
7,40,1147
7,41,1149
7,42,1172
7,43,1181
7,44,1188
7,45,1199
7,46,1215
7,47,1230
7,48,1248
7,49,1279
7,50,1307
7,51,4465
7,52,10676
7,53,10707
7,54,10691
7,55,10664
7,56,10686
7,57,9173
7,58,10094
7,59,9140
8,60,10075
8,59,8833
8,58,9141
8,57,9166
8,56,9443
8,55,9786
8,54,10066
8,53,10373
8,52,10670
8,51,10698
8,50,10713
8,49,10742
8,48,2908
8,47,1306
8,46,1257
8,45,1247
8,44,1227
8,43,1219
8,42,1196
8,41,1192
8,40,1172
8,39,1166
8,38,1161
8,37,1151
8,36,1141
8,35,1139
8,34,1137
8,33,1136
8,32,1120
8,31,1135
8,30,1124
8,29,1108
8,28,1108
8,27,1108
8,26,1108
8,25,1108
8,24,1108
8,23,1108
8,22,1108
8,21,1110
8,20,1111
8,19,1111
8,18,1113
8,17,1114
8,16,1116
8,15,1118
8,14,1119
8,13,1121
8,12,1124
8,11,1125
8,10,1130
8,9,1141
8,8,1177
8,7,1194
8,6,1177
8,5,1172
8,4,1166
8,3,1160
8,2,1151
8,1,1176
9,0,1158
9,1,1179
9,2,1179
9,3,1160
9,4,1151
9,5,1161
9,6,1166
9,7,1169
9,8,1166
9,9,1196
9,10,1169
9,11,1134
9,12,1126
9,13,1124
9,14,1123
9,15,1121
9,16,1120
9,17,1117
9,18,1129
9,19,1114
9,20,1111
9,21,1111
9,22,1111
9,23,1108
9,24,1108
9,25,1108
9,26,1112
9,27,1112
9,28,1108
9,29,1108
9,30,1108
9,31,1108
9,32,1112
9,33,1133
9,34,1135
9,35,1136
9,36,1136
9,37,1139
9,38,1139
9,39,1150
9,40,1154
9,41,1149
9,42,1171
9,43,1177
9,44,1188
9,45,1207
9,46,1214
9,47,1226
9,48,1258
9,49,1291
9,50,4448
9,51,9166
9,52,10699
9,53,10728
9,54,10697
9,55,10672
9,56,10387
9,57,9471
9,58,10059
9,59,8869
10,60,10131
10,59,8981
10,58,8851
10,57,8864
10,56,9259
10,55,9448
10,54,10104
10,53,10384
10,52,10698
10,51,10697
10,50,10670
10,49,10682
10,48,10754
10,47,2918
10,46,1273
10,45,1250
10,44,1239
10,43,1218
10,42,1212
10,41,1193
10,40,1177
10,39,1170
10,38,1165
10,37,1146
10,36,1152
10,35,1139
10,34,1138
10,33,1136
10,32,1136
10,31,1132
10,30,1133
10,29,1112
10,28,1108
10,27,1108
10,26,1108
10,25,1108
10,24,1108
10,23,1108
10,22,1108
10,21,1110
10,20,1111
10,19,1111
10,18,1121
10,17,1114
10,16,1121
10,15,1118
10,14,1120
10,13,1120
10,12,1124
10,11,1125
10,10,1139
10,9,1138
10,8,1196
10,7,1204
10,6,1182
10,5,1181
10,4,1170
10,3,1164
10,2,1151
10,1,1170
11,0,1154
11,1,1182
11,2,1180
11,3,1176
11,4,1151
11,5,1162
11,6,1168
11,7,1169
11,8,1189
11,9,1213
11,10,1183
11,11,1142
11,12,1126
11,13,1125
11,14,1124
11,15,1121
11,16,1120
11,17,1119
11,18,1118
11,19,1114
11,20,1125
11,21,1111
11,22,1111
11,23,1109
11,24,1108
11,25,1107
11,26,1108
11,27,1108
11,28,1108
11,29,1108
11,30,1108
11,31,1112
11,32,1133
11,33,1135
11,34,1136
11,35,1136
11,36,1145
11,37,1139
11,38,1139
11,39,1146
11,40,1163
11,41,1169
11,42,1176
11,43,1190
11,44,1214
11,45,1221
11,46,1227
11,47,1238
11,48,1279
11,49,1295
11,50,9156
11,51,10723
11,52,10744
11,53,10689
11,54,10695
11,55,10723
11,56,10053
11,57,9519
11,58,9144
11,59,9802
12,60,9424
12,59,8876
12,58,8887
12,57,8866
12,56,8856
12,55,9196
12,54,10107
12,53,8896
12,52,10694
12,51,10717
12,50,10730
12,49,10706
12,48,10759
12,47,10689
12,46,2866
12,45,1297
12,44,1256
12,43,1223
12,42,1212
12,41,1198
12,40,1177
12,39,1171
12,38,1157
12,37,1154
12,36,1146
12,35,1147
12,34,1139
12,33,1139
12,32,1136
12,31,1136
12,30,1132
12,29,1133
12,28,1133
12,27,1108
12,26,1108
12,25,1108
12,24,1124
12,23,1126
12,22,1111
12,21,1111
12,20,1111
12,19,1113
12,18,1114
12,17,1122
12,16,1122
12,15,1119
12,14,1121
12,13,1122
12,12,1123
12,11,1126
12,10,1139
12,9,1154
12,8,1191
12,7,1262
12,6,1196
12,5,1173
12,4,1172
12,3,1165
12,2,1159
12,1,1158
13,0,1166
13,1,1181
13,2,1181
13,3,1172
13,4,1171
13,5,1151
13,6,1172
13,7,1171
13,8,1177
13,9,1355
13,10,1219
13,11,1150
13,12,1139
13,13,1126
13,14,1124
13,15,1123
13,16,1121
13,17,1120
13,18,1117
13,19,1118
13,20,1114
13,21,1111
13,22,1111
13,23,1111
13,24,1110
13,25,1108
13,26,1108
13,27,1108
13,28,1112
13,29,1112
13,30,1117
13,31,1133
13,32,1136
13,33,1136
13,34,1136
13,35,1136
13,36,1142
13,37,1139
13,38,1160
13,39,1142
13,40,1164
13,41,1178
13,42,1172
13,43,1192
13,44,1213
13,45,1225
13,46,1236
13,47,1260
13,48,1272
13,49,7141
13,50,10730
13,51,10733
13,52,10644
13,53,10675
13,54,10461
13,55,10393
13,56,9492
13,57,10703
13,58,8859
13,59,9824
14,60,9514
14,59,9194
14,58,8901
14,57,8981
14,56,9516
14,55,8849
14,54,9730
14,53,9456
14,52,10660
14,51,10696
14,50,10367
14,49,10725
14,48,10725
14,47,10696
14,46,4430
14,45,1293
14,44,1261
14,43,1236
14,42,1226
14,41,1206
14,40,1196
14,39,1172
14,38,1169
14,37,1165
14,36,1146
14,35,1148
14,34,1139
14,33,1138
14,32,1136
14,31,1136
14,30,1136
14,29,1111
14,28,1136
14,27,1134
14,26,1133
14,25,1133
14,24,1132
14,23,1111
14,22,1111
14,21,1111
14,20,1111
14,19,1115
14,18,1115
14,17,1128
14,16,1118
14,15,1128
14,14,1126
14,13,1123
14,12,1125
14,11,1131
14,10,1130
14,9,1157
14,8,1230
14,7,1265
14,6,1202
14,5,1174
14,4,1172
14,3,1163
14,2,1166
14,1,1158
15,0,1180
15,1,1181
15,2,1177
15,3,1158
15,4,1162
15,5,1175
15,6,1173
15,7,1172
15,8,1194
15,9,1337
15,10,1226
15,11,1160
15,12,1130
15,13,1131
15,14,1126
15,15,1123
15,16,1123
15,17,1124
15,18,1135
15,19,1122
15,20,1114
15,21,1114
15,22,1111
15,23,1111
15,24,1111
15,25,1119
15,26,1135
15,27,1133
15,28,1134
15,29,1127
15,30,1128
15,31,1111
15,32,1136
15,33,1136
15,34,1136
15,35,1139
15,36,1139
15,37,1155
15,38,1146
15,39,1162
15,40,1165
15,41,1180
15,42,1186
15,43,1187
15,44,1211
15,45,1218
15,46,1237
15,47,1248
15,48,1272
15,49,10714
15,50,10721
15,51,10757
15,52,10655
15,53,10666
15,54,10676
15,55,10416
15,56,9769
15,57,10117
15,58,9160
15,59,8841
16,60,9822
16,59,8821
16,58,8830
16,57,8813
16,56,9461
16,55,9458
16,54,9767
16,53,10376
16,52,10056
16,51,10613
16,50,10664
16,49,10765
16,48,10713
16,47,10667
16,46,4413
16,45,1297
16,44,1269
16,43,1245
16,42,1210
16,41,1207
16,40,1183
16,39,1181
16,38,1176
16,37,1157
16,36,1154
16,35,1141
16,34,1148
16,33,1139
16,32,1139
16,31,1138
16,30,1136
16,29,1136
16,28,1115
16,27,1111
16,26,1111
16,25,1111
16,24,1111
16,23,1111
16,22,1111
16,21,1124
16,20,1114
16,19,1114
16,18,1124
16,17,1118
16,16,1131
16,15,1124
16,14,1123
16,13,1125
16,12,1126
16,11,1135
16,10,1138
16,9,1157
16,8,1201
16,7,1227
16,6,1197
16,5,1180
16,4,1173
16,3,1176
16,2,1166
16,1,1179
17,0,1181
17,1,1184
17,2,1183
17,3,1179
17,4,1178
17,5,1177
17,6,1176
17,7,1173
17,8,1194
17,9,1225
17,10,1213
17,11,1170
17,12,1155
17,13,1129
17,14,1126
17,15,1133
17,16,1123
17,17,1135
17,18,1121
17,19,1134
17,20,1117
17,21,1119
17,22,1115
17,23,1114
17,24,1124
17,25,1119
17,26,1119
17,27,1111
17,28,1124
17,29,1131
17,30,1136
17,31,1136
17,32,1138
17,33,1138
17,34,1139
17,35,1139
17,36,1162
17,37,1141
17,38,1158
17,39,1148
17,40,1170
17,41,1172
17,42,1179
17,43,1200
17,44,1225
17,45,1244
17,46,1251
17,47,1287
17,48,1311
17,49,9162
17,50,10697
17,51,10688
17,52,10672
17,53,10671
17,54,10707
17,55,10736
17,56,9148
17,57,10119
17,58,8851
17,59,10075
18,60,8875
18,59,8776
18,58,8806
18,57,9147
18,56,8828
18,55,8875
18,54,9167
18,53,9475
18,52,10375
18,51,10655
18,50,10710
18,49,10695
18,48,10674
18,47,10693
18,46,4461
18,45,1312
18,44,1276
18,43,1242
18,42,1241
18,41,1209
18,40,1202
18,39,1196
18,38,1185
18,37,1172
18,36,1157
18,35,1164
18,34,1145
18,33,1141
18,32,1153
18,31,1147
18,30,1139
18,29,1139
18,28,1139
18,27,1119
18,26,1122
18,25,1126
18,24,1114
18,23,1114
18,22,1114
18,21,1119
18,20,1128
18,19,1118
18,18,1137
18,17,1129
18,16,1146
18,15,1131
18,14,1134
18,13,1134
18,12,1130
18,11,1142
18,10,1149
18,9,1167
18,8,1224
18,7,1361
18,6,1229
18,5,1198
18,4,1176
18,3,1178
18,2,1180
18,1,1181
19,0,1182
19,1,1184
19,2,1184
19,3,1181
19,4,1181
19,5,1178
19,6,1189
19,7,1175
19,8,1197
19,9,1357
19,10,1386
19,11,1172
19,12,1145
19,13,1151
19,14,1129
19,15,1134
19,16,1130
19,17,1139
19,18,1148
19,19,1120
19,20,1138
19,21,1118
19,22,1129
19,23,1119
19,24,1115
19,25,1114
19,26,1135
19,27,1139
19,28,1139
19,29,1131
19,30,1139
19,31,1139
19,32,1139
19,33,1147
19,34,1157
19,35,1145
19,36,1145
19,37,1167
19,38,1149
19,39,1183
19,40,1172
19,41,1195
19,42,1210
19,43,1211
19,44,1218
19,45,1234
19,46,1253
19,47,1276
19,48,6069
19,49,10723
19,50,10773
19,51,10800
19,52,10759
19,53,10712
19,54,10751
19,55,9494
19,56,9821
19,57,9737
19,58,10061
19,59,8818
20,60,8822
20,59,8787
20,58,8808
20,57,8881
20,56,8825
20,55,9128
20,54,9509
20,53,9806
20,52,10108
20,51,10716
20,50,10676
20,49,10680
20,48,10737
20,47,10704
20,46,10737
20,45,2875
20,44,1310
20,43,1257
20,42,1246
20,41,1227
20,40,1220
20,39,1219
20,38,1179
20,37,1176
20,36,1171
20,35,1165
20,34,1153
20,33,1164
20,32,1145
20,31,1141
20,30,1141
20,29,1141
20,28,1139
20,27,1138
20,26,1138
20,25,1138
20,24,1141
20,23,1141
20,22,1121
20,21,1117
20,20,1117
20,19,1143
20,18,1120
20,17,1145
20,16,1147
20,15,1149
20,14,1151
20,13,1137
20,12,1142
20,11,1147
20,10,1157
20,9,1189
20,8,1322
20,7,1434
20,6,1226
20,5,1182
20,4,1180
20,3,1178
20,2,1181
20,1,1183
21,0,1188
21,1,1211
21,2,1206
21,3,1184
21,4,1187
21,5,1181
21,6,1183
21,7,1186
21,8,1199
21,9,1252
21,10,1349
21,11,1182
21,12,1159
21,13,1156
21,14,1140
21,15,1141
21,16,1149
21,17,1151
21,18,1162
21,19,1148
21,20,1136
21,21,1131
21,22,1133
21,23,1117
21,24,1121
21,25,1141
21,26,1140
21,27,1138
21,28,1139
21,29,1140
21,30,1141
21,31,1141
21,32,1141
21,33,1141
21,34,1150
21,35,1167
21,36,1148
21,37,1165
21,38,1171
21,39,1171
21,40,1191
21,41,1214
21,42,1220
21,43,1217
21,44,1236
21,45,1240
21,46,1279
21,47,1306
21,48,10768
21,49,10758
21,50,10709
21,51,10743
21,52,10710
21,53,10671
21,54,10665
21,55,10692
21,56,10087
21,57,8934
21,58,8834
21,59,10097
22,60,8804
22,59,8813
22,58,8834
22,57,8845
22,56,9179
22,55,8871
22,54,9175
22,53,9791
22,52,10374
22,51,10700
22,50,10718
22,49,10730
22,48,10668
22,47,10748
22,46,10777
22,45,10756
22,44,1324
22,43,1285
22,42,1257
22,41,1242
22,40,1222
22,39,1216
22,38,1203
22,37,1195
22,36,1190
22,35,1176
22,34,1171
22,33,1170
22,32,1169
22,31,1144
22,30,1152
22,29,1164
22,28,1149
22,27,1141
22,26,1142
22,25,1141
22,24,1142
22,23,1144
22,22,1144
22,21,1128
22,20,1132
22,19,1145
22,18,1148
22,17,1165
22,16,1151
22,15,1156
22,14,1153
22,13,1143
22,12,1141
22,11,1155
22,10,1169
22,9,1197
22,8,1377
22,7,1424
22,6,1226
22,5,1202
22,4,1204
22,3,1189
22,2,1184
22,1,1209
23,0,1191
23,1,1211
23,2,1211
23,3,1207
23,4,1196
23,5,1188
23,6,1193
23,7,1201
23,8,1211
23,9,1356
23,10,1339
23,11,1209
23,12,1177
23,13,1159
23,14,1157
23,15,1156
23,16,1156
23,17,1153
23,18,1173
23,19,1166
23,20,1147
23,21,1147
23,22,1144
23,23,1124
23,24,1144
23,25,1144
23,26,1142
23,27,1145
23,28,1145
23,29,1147
23,30,1152
23,31,1144
23,32,1144
23,33,1148
23,34,1169
23,35,1170
23,36,1171
23,37,1171
23,38,1194
23,39,1178
23,40,1206
23,41,1220
23,42,1225
23,43,1232
23,44,1244
23,45,1263
23,46,1310
23,47,1342
23,48,10703
23,49,10749
23,50,10721
23,51,10761
23,52,10749
23,53,10758
23,54,10735
23,55,10695
23,56,8865
23,57,8851
23,58,10058
23,59,8865
24,60,8818
24,59,8860
24,58,9125
24,57,9170
24,56,8909
24,55,10342
24,54,9439
24,53,10696
24,52,10698
24,51,10661
24,50,10654
24,49,10702
24,48,10693
24,47,10756
24,46,10735
24,45,10737
24,44,1318
24,43,1311
24,42,1302
24,41,1271
24,40,1243
24,39,1237
24,38,1214
24,37,1212
24,36,1202
24,35,1183
24,34,1183
24,33,1189
24,32,1171
24,31,1171
24,30,1152
24,29,1163
24,28,1171
24,27,1161
24,26,1165
24,25,1169
24,24,1172
24,23,1151
24,22,1148
24,21,1148
24,20,1148
24,19,1150
24,18,1158
24,17,1177
24,16,1188
24,15,1168
24,14,1170
24,13,1159
24,12,1162
24,11,1162
24,10,1179
24,9,1191
24,8,1313
24,7,1509
24,6,1308
24,5,1213
24,4,1212
24,3,1208
24,2,1207
24,1,1214
25,0,1214
25,1,1217
25,2,1217
25,3,1214
25,4,1212
25,5,1203
25,6,1208
25,7,1216
25,8,1229
25,9,1490
25,10,1401
25,11,1207
25,12,1184
25,13,1163
25,14,1161
25,15,1159
25,16,1163
25,17,1177
25,18,1185
25,19,1177
25,20,1154
25,21,1149
25,22,1148
25,23,1147
25,24,1151
25,25,1153
25,26,1144
25,27,1148
25,28,1152
25,29,1157
25,30,1169
25,31,1167
25,32,1168
25,33,1171
25,34,1171
25,35,1176
25,36,1191
25,37,1179
25,38,1209
25,39,1206
25,40,1225
25,41,1239
25,42,1250
25,43,1240
25,44,1275
25,45,1290
25,46,1334
25,47,10753
25,48,10757
25,49,10751
25,50,10714
25,51,10753
25,52,10766
25,53,10710
25,54,10793
25,55,10739
25,56,10736
25,57,10085
25,58,9447
25,59,9765
26,60,8825
26,59,8798
26,58,8806
26,57,9762
26,56,8895
26,55,9806
26,54,10373
26,53,10679
26,52,10753
26,51,10711
26,50,10729
26,49,10715
26,48,10785
26,47,10765
26,46,10797
26,45,10680
26,44,10293
26,43,1310
26,42,1300
26,41,1294
26,40,1266
26,39,1243
26,38,1216
26,37,1224
26,36,1205
26,35,1216
26,34,1186
26,33,1190
26,32,1200
26,31,1178
26,30,1174
26,29,1174
26,28,1174
26,27,1170
26,26,1174
26,25,1174
26,24,1154
26,23,1150
26,22,1150
26,21,1150
26,20,1166
26,19,1157
26,18,1178
26,17,1181
26,16,1194
26,15,1184
26,14,1178
26,13,1163
26,12,1165
26,11,1166
26,10,1188
26,9,1235
26,8,1512
26,7,1655
26,6,1323
26,5,1232
26,4,1222
26,3,1211
26,2,1214
26,1,1214
27,0,1222
27,1,1229
27,2,1232
27,3,1217
27,4,1217
27,5,1218
27,6,1225
27,7,1215
27,8,1276
27,9,1709
27,10,3068
27,11,1236
27,12,1193
27,13,1177
27,14,1166
27,15,1167
27,16,1163
27,17,1179
27,18,1209
27,19,1207
27,20,1185
27,21,1157
27,22,1173
27,23,1162
27,24,1150
27,25,1158
27,26,1174
27,27,1174
27,28,1174
27,29,1174
27,30,1174
27,31,1175
27,32,1197
27,33,1198
27,34,1186
27,35,1181
27,36,1202
27,37,1217
27,38,1205
27,39,1228
27,40,1232
27,41,1239
27,42,1279
27,43,1309
27,44,5440
27,45,-1
27,46,-1
27,47,10779
27,48,10761
27,49,10770
27,50,10803
27,51,10701
27,52,10796
27,53,10722
27,54,10722
27,55,10724
27,56,10726
27,57,9786
27,58,10111
27,59,9191
28,60,9481
28,59,9172
28,58,9125
28,57,9199
28,56,9777
28,55,10688
28,54,10710
28,53,10689
28,52,10717
28,51,10686
28,50,10808
28,49,10762
28,48,10778
28,47,-1
28,46,10560
28,45,10374
28,44,10216
28,43,-1
28,42,10258
28,41,1354
28,40,1315
28,39,1293
28,38,1274
28,37,1248
28,36,1242
28,35,1216
28,34,1232
28,33,1235
28,32,1204
28,31,1205
28,30,1205
28,29,1204
28,28,1198
28,27,1185
28,26,1194
28,25,1203
28,24,1204
28,23,1200
28,22,1181
28,21,1181
28,20,1176
28,19,1185
28,18,1187
28,17,1218
28,16,1186
28,15,1206
28,14,1165
28,13,1182
28,12,1168
28,11,1172
28,10,1196
28,9,1239
28,8,1405
28,7,1617
28,6,1424
28,5,1267
28,4,1214
28,3,1225
28,2,1239
28,1,1220
29,0,1234
29,1,1275
29,2,1271
29,3,1253
29,4,1246
29,5,1232
29,6,1222
29,7,1237
29,8,1254
29,9,1643
29,10,1476
29,11,1283
29,12,1219
29,13,1205
29,14,1188
29,15,1193
29,16,1192
29,17,1209
29,18,1214
29,19,1224
29,20,1202
29,21,1184
29,22,1183
29,23,1181
29,24,1181
29,25,1181
29,26,1181
29,27,1181
29,28,1181
29,29,1180
29,30,1181
29,31,1189
29,32,1205
29,33,1224
29,34,1212
29,35,1207
29,36,1216
29,37,1248
29,38,1231
29,39,1253
29,40,1246
29,41,1282
29,42,7282
29,43,10284
29,44,10279
29,45,10280
29,46,-1
29,47,-1
29,48,-1
29,49,-1
29,50,10797
29,51,10749
29,52,10787
29,53,10740
29,54,10680
29,55,10690
29,56,10691
29,57,10714
29,58,10732
29,59,10086
30,60,10642
30,59,10633
30,58,10646
30,57,10676
30,56,10375
30,55,10698
30,54,10683
30,53,10670
30,52,10717
30,51,10735
30,50,10658
30,49,10687
30,48,10762
30,47,10708
30,46,-1
30,45,-1
30,44,-1
30,43,-1
30,42,-1
30,41,-1
30,40,-1
30,39,1318
30,38,1322
30,37,1266
30,36,1260
30,35,1251
30,34,1263
30,33,1250
30,32,1236
30,31,1216
30,30,1228
30,29,1231
30,28,1213
30,27,1213
30,26,1209
30,25,1231
30,24,1236
30,23,1216
30,22,1196
30,21,1187
30,20,1187
30,19,1208
30,18,1215
30,17,1245
30,16,1256
30,15,1209
30,14,1196
30,13,1197
30,12,1199
30,11,1207
30,10,1223
30,9,1258
30,8,1514
30,7,1591
30,6,1612
30,5,1289
30,4,1249
30,3,1268
30,2,1270
30,1,1251
31,0,1269
31,1,1282
31,2,1302
31,3,1274
31,4,1260
31,5,1263
31,6,1252
31,7,1256
31,8,1321
31,9,1627
31,10,1619
31,11,1284
31,12,1245
31,13,1206
31,14,1208
31,15,1199
31,16,1220
31,17,1213
31,18,1220
31,19,1268
31,20,1228
31,21,1202
31,22,1195
31,23,1191
31,24,1187
31,25,1212
31,26,1220
31,27,1228
31,28,1232
31,29,1216
31,30,1212
31,31,1212
31,32,1212
31,33,1233
31,34,1259
31,35,1259
31,36,1239
31,37,1247
31,38,1287
31,39,1283
31,40,1298
31,41,-1
31,42,-1
31,43,-1
31,44,-1
31,45,-1
31,46,-1
31,47,10748
31,48,9919
31,49,10704
31,50,10660
31,51,10696
31,52,10687
31,53,10621
31,54,10663
31,55,10743
31,56,10745
31,57,10703
31,58,10758
31,59,10695
32,60,10706
32,59,10670
32,58,10741
32,57,10351
32,56,10669
32,55,10648
32,54,10666
32,53,10666
32,52,10640
32,51,10761
32,50,10732
32,49,10710
32,48,10665
32,47,10817
32,46,10741
32,45,10616
32,44,10442
32,43,-1
32,42,10416
32,41,10419
32,40,10380
32,39,10444
32,38,1309
32,37,1307
32,36,1285
32,35,1255
32,34,1242
32,33,1258
32,32,1264
32,31,1234
32,30,1214
32,29,1214
32,28,1239
32,27,1239
32,26,1239
32,25,1226
32,24,1214
32,23,1214
32,22,1194
32,21,1189
32,20,1194
32,19,1221
32,18,1262
32,17,1369
32,16,1779
32,15,1281
32,14,1235
32,13,1206
32,12,1202
32,11,1229
32,10,1233
32,9,1285
32,8,1438
32,7,1690
32,6,1620
32,5,1309
32,4,1291
32,3,1275
32,2,1262
32,1,1270
33,0,1273
33,1,1281
33,2,1278
33,3,1273
33,4,1277
33,5,1263
33,6,1278
33,7,1306
33,8,1379
33,9,1653
33,10,1563
33,11,1320
33,12,1232
33,13,1239
33,14,1209
33,15,1228
33,16,1223
33,17,1231
33,18,1576
33,19,1486
33,20,1261
33,21,1225
33,22,1209
33,23,1213
33,24,1242
33,25,1254
33,26,1269
33,27,1247
33,28,1239
33,29,1243
33,30,1252
33,31,1262
33,32,1254
33,33,1246
33,34,1242
33,35,1258
33,36,1283
33,37,1293
33,38,1273
33,39,1317
33,40,5899
33,41,10379
33,42,10391
33,43,10423
33,44,-1
33,45,-1
33,46,2181
33,47,2195
33,48,7989
33,49,2460
33,50,2385
33,51,2498
33,52,2462
33,53,2557
33,54,2553
33,55,2693
33,56,10697
33,57,2890
33,58,10622
33,59,10338
34,60,8863
34,59,9775
34,58,5589
34,57,9433
34,56,10070
34,55,10673
34,54,10642
34,53,4511
34,52,5605
34,51,6831
34,50,3117
34,49,4047
34,48,2652
34,47,9405
34,46,8044
34,45,5067
34,44,-1
34,43,-1
34,42,5758
34,41,2389
34,40,2116
34,39,2113
34,38,2150
34,37,2073
34,36,1537
34,35,1552
34,34,1296
34,33,1353
34,32,1402
34,31,1372
34,30,1252
34,29,1265
34,28,1269
34,27,1273
34,26,1302
34,25,1273
34,24,1256
34,23,1241
34,22,1220
34,21,1220
34,20,1220
34,19,1263
34,18,1337
34,17,1518
34,16,1755
34,15,1253
34,14,1229
34,13,1230
34,12,1232
34,11,1236
34,10,1268
34,9,1332
34,8,1453
34,7,1541
34,6,1629
34,5,1298
34,4,1278
34,3,1276
34,2,1257
34,1,1283
35,0,1279
35,1,1299
35,2,1311
35,3,1284
35,4,1283
35,5,1265
35,6,1273
35,7,1287
35,8,1457
35,9,1624
35,10,1503
35,11,1368
35,12,1317
35,13,1260
35,14,1254
35,15,1232
35,16,1244
35,17,1273
35,18,2276
35,19,3941
35,20,1453
35,21,1263
35,22,1237
35,23,1225
35,24,1220
35,25,1244
35,26,1269
35,27,1280
35,28,1297
35,29,1269
35,30,1269
35,31,1248
35,32,1245
35,33,1497
35,34,1777
35,35,1568
35,36,1361
35,37,1300
35,38,1643
35,39,2221
35,40,2156
35,41,2138
35,42,2278
35,43,4363
35,44,2150
35,45,2136
35,46,3208
35,47,2335
35,48,2384
35,49,2515
35,50,2485
35,51,2525
35,52,2580
35,53,2581
35,54,2578
35,55,2660
35,56,5470
35,57,2685
35,58,2739
35,59,9580
36,60,9602
36,59,9829
36,58,10684
36,57,8992
36,56,2893
36,55,2847
36,54,2740
36,53,2768
36,52,2733
36,51,2722
36,50,2766
36,49,2657
36,48,2708
36,47,2695
36,46,2716
36,45,2750
36,44,2772
36,43,2634
36,42,2616
36,41,2636
36,40,2521
36,39,2477
36,38,2503
36,37,2511
36,36,2462
36,35,2492
36,34,2470
36,33,3600
36,32,4401
36,31,5132
36,30,1971
36,29,1300
36,28,1317
36,27,1328
36,26,1525
36,25,2150
36,24,2181
36,23,1930
36,22,1260
36,21,1247
36,20,1264
36,19,1295
36,18,1381
36,17,1644
36,16,1779
36,15,1588
36,14,1284
36,13,1243
36,12,1256
36,11,1281
36,10,1291
36,9,1438
36,8,1506
36,7,1557
36,6,1627
36,5,1719
36,4,1373
36,3,1316
36,2,1335
36,1,1311
37,0,1416
37,1,1553
37,2,1529
37,3,1404
37,4,1384
37,5,1497
37,6,1482
37,7,1780
37,8,1726
37,9,1626
37,10,1566
37,11,1554
37,12,1377
37,13,1311
37,14,1267
37,15,1283
37,16,1303
37,17,1528
37,18,1690
37,19,1745
37,20,1327
37,21,1309
37,22,1254
37,23,1271
37,24,1287
37,25,8315
37,26,4794
37,27,3665
37,28,1678
37,29,1348
37,30,1344
37,31,1459
37,32,3649
37,33,2367
37,34,2454
37,35,2550
37,36,2550
37,37,2571
37,38,7080
37,39,5112
37,40,3728
37,41,1991
37,42,1979
37,43,1957
37,44,1951
37,45,1888
37,46,1860
37,47,1841
37,48,1862
37,49,1864
37,50,6497
37,51,4868
37,52,3246
37,53,3339
37,54,4641
37,55,4534
37,56,4538
37,57,4617
37,58,6605
37,59,3434
38,60,8730
38,59,9599
38,58,3798
38,57,3851
38,56,8956
38,55,8100
38,54,10673
38,53,10727
38,52,5990
38,51,3478
38,50,3393
38,49,3235
38,48,3160
38,47,3110
38,46,3109
38,45,3198
38,44,3004
38,43,2835
38,42,2782
38,41,2814
38,40,2897
38,39,2458
38,38,2435
38,37,2509
38,36,2427
38,35,2275
38,34,2292
38,33,2280
38,32,2253
38,31,2267
38,30,2210
38,29,2155
38,28,1451
38,27,1304
38,26,1323
38,25,1311
38,24,1944
38,23,2333
38,22,2502
38,21,1414
38,20,1274
38,19,1258
38,18,1317
38,17,1338
38,16,1865
38,15,6783
38,14,5392
38,13,2038
38,12,1322
38,11,1302
38,10,1268
38,9,1319
38,8,1316
38,7,1569
38,6,1607
38,5,1618
38,4,1637
38,3,1703
38,2,1830
38,1,1823
39,0,1478
39,1,1424
39,2,1390
39,3,1356
39,4,-1
39,5,1649
39,6,1642
39,7,1637
39,8,1634
39,9,1604
39,10,1340
39,11,1280
39,12,1280
39,13,1257
39,14,1252
39,15,1289
39,16,1546
39,17,2002
39,18,2023
39,19,1369
39,20,1292
39,21,1281
39,22,1305
39,23,1330
39,24,2073
39,25,2106
39,26,2053
39,27,1399
39,28,1355
39,29,1339
39,30,1327
39,31,5894
39,32,5854
39,33,6185
39,34,-1
39,35,-1
39,36,-1
39,37,-1
39,38,-1
39,39,3084
39,40,2470
39,41,2124
39,42,2420
39,43,1336
39,44,1332
39,45,1084
39,46,1059
39,47,1136
39,48,515
39,49,568
39,50,734
39,51,709
39,52,660
39,53,816
39,54,797
39,55,846
39,56,800
39,57,748
39,58,762
39,59,778
40,60,844
40,59,852
40,58,815
40,57,780
40,56,10572
40,55,10137
40,54,10711
40,53,10735
40,52,10750
40,51,10730
40,50,5817
40,49,914
40,48,871
40,47,869
40,46,908
40,45,785
40,44,618
40,43,626
40,42,624
40,41,621
40,40,633
40,39,647
40,38,636
40,37,603
40,36,603
40,35,574
40,34,578
40,33,578
40,32,578
40,31,556
40,30,545
40,29,509
40,28,527
40,27,494
40,26,494
40,25,465
40,24,450
40,23,457
40,22,457
40,21,344
40,20,329
40,19,342
40,18,356
40,17,347
40,16,373
40,15,374
40,14,366
40,13,394
40,12,377
40,11,378
40,10,380
40,9,393
40,8,416
40,7,432
40,6,486
40,5,602
40,4,1068
40,3,748
40,2,1312
40,1,1300
41,0,1361
41,1,1371
41,2,1375
41,3,1408
41,4,1395
41,5,1425
41,6,1724
41,7,1722
41,8,1687
41,9,1549
41,10,1501
41,11,1440
41,12,1353
41,13,1307
41,14,1328
41,15,1339
41,16,1760
41,17,4630
41,18,1603
41,19,1534
41,20,1478
41,21,1368
41,22,1368
41,23,1835
41,24,2055
41,25,2048
41,26,-1
41,27,-1
41,28,-1

